<component name="InspectionProjectProfileManager">
  <profile version="1.0">
    <option name="myName" value="Project Default" />
    <inspection_tool class="PyPep8Inspection" enabled="true" level="WEAK WARNING" enabled_by_default="true">
      <option name="ignoredErrors">
        <list>
          <option value="E262" />
        </list>
      </option>
    </inspection_tool>
    <inspection_tool class="PyUnresolvedReferencesInspection" enabled="true" level="WARNING" enabled_by_default="true">
      <option name="ignoredIdentifiers">
        <list>
          <option value="os._ScandirIterator.name" />
        </list>
      </option>
    </inspection_tool>
  </profile>
</component>